estimator,covid,controls,dep,dropped_state,n,debt_coef,t,debt_p_bootstrap
FE,keep COVID year,no controls,log_fdi,none,48,0.353291287127374,3.569528203817917,0.03601800900450225
FE,keep COVID year,no controls,log_fdi,Gujarat,43,0.40003822872602773,3.6666765909098564,0.07153576788394198
FE,keep COVID year,no controls,log_fdi,Haryana,43,0.3246786641371157,3.534560556035062,0.03751875937968985
FE,keep COVID year,no controls,log_fdi,Jharkhand,43,0.18203878426120138,2.500063336476666,0.0815407703851926
FE,keep COVID year,no controls,log_fdi,Karnataka,43,0.34880417337488046,3.1612992586197155,0.07253626813406704
FE,keep COVID year,no controls,log_fdi,Maharashtra,43,0.35490262502147435,3.601953891103319,0.017508754377188594
FE,keep COVID year,no controls,log_fdi,Rajasthan,43,0.33936325532852823,3.9663916358766187,0.03301650825412707
FE,keep COVID year,no controls,log_fdi,Tamil Nadu,43,0.4172927200888513,3.8895311530964034,0.048024012006003
FE,keep COVID year,no controls,log_fdi,Telangana,43,0.3374624754434264,3.864878304664462,0.030515257628814407
FE,keep COVID year,no controls,log_fdi,Uttar Pradesh,45,0.36619401091349074,3.683435198555605,0.02451225612806403
FE,keep COVID year,no controls,log_fdi,West Bengal,43,0.3535136683353456,3.430418989985853,0.03401700850425213
FE,keep COVID year,no controls,ihs_fdi,none,48,0.3532894109802583,3.5695333132612412,0.029514757378689346
FE,keep COVID year,no controls,ihs_fdi,Gujarat,43,0.4000354900554796,3.666683679384329,0.07453726863431716
FE,keep COVID year,no controls,ihs_fdi,Haryana,43,0.3246775687081768,3.5345734004114604,0.032016008004002
FE,keep COVID year,no controls,ihs_fdi,Jharkhand,43,0.18203733556436769,2.5000623578917787,0.07703851925962982
FE,keep COVID year,no controls,ihs_fdi,Karnataka,43,0.34880180988812715,3.1612996129125817,0.07703851925962982
FE,keep COVID year,no controls,ihs_fdi,Maharashtra,43,0.3549012938760415,3.601965220199945,0.01150575287643822
FE,keep COVID year,no controls,ihs_fdi,Rajasthan,43,0.33936186726384115,3.9664352836494,0.032016008004002
FE,keep COVID year,no controls,ihs_fdi,Tamil Nadu,43,0.41728930642871886,3.8894862485661283,0.04352176088044022
FE,keep COVID year,no controls,ihs_fdi,Telangana,43,0.3374613731850551,3.864895366297848,0.029514757378689346
FE,keep COVID year,no controls,ihs_fdi,Uttar Pradesh,45,0.3661929796858521,3.683464479706221,0.02451225612806403
FE,keep COVID year,no controls,ihs_fdi,West Bengal,43,0.35351210950879525,3.4304324371747836,0.03401700850425213
FE,drop COVID year,no controls,log_fdi,none,39,0.3237069824895534,1.9332868898004454,0.15657828914457228
FE,drop COVID year,no controls,log_fdi,Gujarat,35,0.3858071726499696,2.3610987155360856,0.135567783891946
FE,drop COVID year,no controls,log_fdi,Haryana,35,0.2911773612920948,1.8806455221080602,0.17858929464732365
FE,drop COVID year,no controls,log_fdi,Jharkhand,35,0.12837977475163115,1.503761430656372,0.2191095547773887
FE,drop COVID year,no controls,log_fdi,Karnataka,35,0.3155876033104474,1.7635853638933001,0.2786393196598299
FE,drop COVID year,no controls,log_fdi,Maharashtra,35,0.32421319508055035,1.9150042265611307,0.15457728864432216
FE,drop COVID year,no controls,log_fdi,Rajasthan,35,0.32766760033083214,2.3340460870456687,0.12156078039019509
FE,drop COVID year,no controls,log_fdi,Tamil Nadu,35,0.4162719755129471,1.8269125594263205,0.18659329664832416
FE,drop COVID year,no controls,log_fdi,Telangana,35,0.34978719498521904,1.8549312190466736,0.18959479739869936
FE,drop COVID year,no controls,log_fdi,Uttar Pradesh,36,0.32681618177846317,2.0437939176178395,0.13156578289144572
FE,drop COVID year,no controls,log_fdi,West Bengal,35,0.3253968476861239,1.7736611576313883,0.18109054527263632
FE,drop COVID year,no controls,ihs_fdi,none,39,0.3237035503394685,1.9333058370423226,0.14357178589294647
FE,drop COVID year,no controls,ihs_fdi,Gujarat,35,0.3858023274552378,2.3611224844069794,0.144072036018009
FE,drop COVID year,no controls,ihs_fdi,Haryana,35,0.29117489500680643,1.8806666609807638,0.15407703851925963
FE,drop COVID year,no controls,ihs_fdi,Jharkhand,35,0.1283794315755812,1.5037582873955955,0.24762381190595298
FE,drop COVID year,no controls,ihs_fdi,Karnataka,35,0.31558439756076107,1.763602829137154,0.2766383191595798
FE,drop COVID year,no controls,ihs_fdi,Maharashtra,35,0.32421037223723365,1.9150269892681653,0.1520760380190095
FE,drop COVID year,no controls,ihs_fdi,Rajasthan,35,0.327665177867575,2.334082271289966,0.10955477738869435
FE,drop COVID year,no controls,ihs_fdi,Tamil Nadu,35,0.41626335268898645,1.8268913844586523,0.19409704852426213
FE,drop COVID year,no controls,ihs_fdi,Telangana,35,0.3497840834153706,1.8549568546756623,0.1775887943971986
FE,drop COVID year,no controls,ihs_fdi,Uttar Pradesh,36,0.32681397751407393,2.043827297018052,0.12006003001500751
FE,drop COVID year,no controls,ihs_fdi,West Bengal,35,0.32539310321134707,1.7736755662060875,0.18659329664832416
Pooled,keep COVID year,no controls,log_fdi,none,48,-0.23950450459233014,-4.155021503949301,0.0
Pooled,keep COVID year,no controls,log_fdi,Gujarat,43,-0.23024920341201013,-3.61420030451186,0.002001000500250125
Pooled,keep COVID year,no controls,log_fdi,Haryana,43,-0.25253395032269516,-4.180501386791102,0.0025012506253126563
Pooled,keep COVID year,no controls,log_fdi,Jharkhand,43,-0.1866682269218374,-7.12753470118042,0.0
Pooled,keep COVID year,no controls,log_fdi,Karnataka,43,-0.19841066245621267,-3.426692878724112,0.0
Pooled,keep COVID year,no controls,log_fdi,Maharashtra,43,-0.2463158716122473,-3.919567230262529,0.009004502251125562
Pooled,keep COVID year,no controls,log_fdi,Rajasthan,43,-0.22866204678896299,-4.082402281954038,0.022011005502751375
Pooled,keep COVID year,no controls,log_fdi,Tamil Nadu,43,-0.2604319446400703,-4.197502708573376,0.002001000500250125
Pooled,keep COVID year,no controls,log_fdi,Telangana,43,-0.24968333284455554,-4.18051129208775,0.009004502251125562
Pooled,keep COVID year,no controls,log_fdi,Uttar Pradesh,45,-0.2551757065402555,-3.3519520493121813,0.0010005002501250625
Pooled,keep COVID year,no controls,log_fdi,West Bengal,43,-0.2691934771814568,-4.172984979315328,0.014507253626813406
Pooled,keep COVID year,no controls,ihs_fdi,none,48,-0.23950362090650476,-4.155096683013272,0.002001000500250125
Pooled,keep COVID year,no controls,ihs_fdi,Gujarat,43,-0.23024871009360398,-3.614271029434804,0.0
Pooled,keep COVID year,no controls,ihs_fdi,Haryana,43,-0.25253274170850665,-4.180573360792007,0.0010005002501250625
Pooled,keep COVID year,no controls,ihs_fdi,Jharkhand,43,-0.18666867786690722,-7.127523780678478,0.0
Pooled,keep COVID year,no controls,ihs_fdi,Karnataka,43,-0.1984101962262201,-3.426773345316196,0.0
Pooled,keep COVID year,no controls,ihs_fdi,Maharashtra,43,-0.24631463167946996,-3.9196317507927882,0.0065032516258129065
Pooled,keep COVID year,no controls,ihs_fdi,Rajasthan,43,-0.22866150873667762,-4.082480625829002,0.01900950475237619
Pooled,keep COVID year,no controls,ihs_fdi,Tamil Nadu,43,-0.2604307622854434,-4.197579196854236,0.0
Pooled,keep COVID year,no controls,ihs_fdi,Telangana,43,-0.249682600722901,-4.1805981697297465,0.008504252126063032
Pooled,keep COVID year,no controls,ihs_fdi,Uttar Pradesh,45,-0.25517373803239407,-3.351994584183496,0.0030015007503751876
Pooled,keep COVID year,no controls,ihs_fdi,West Bengal,43,-0.2691917943845032,-4.173054096260726,0.013506753376688344
Pooled,keep COVID year,Census controls,log_fdi,none,48,-0.17601768050095465,-2.7215825045821735,0.048024012006003
Pooled,keep COVID year,Census controls,log_fdi,Gujarat,43,-0.18722310004237733,-2.357841178462804,0.13056528264132067
Pooled,keep COVID year,Census controls,log_fdi,Haryana,43,-0.19171615372881706,-2.808100047124554,0.04252126063031516
Pooled,keep COVID year,Census controls,log_fdi,Jharkhand,43,-0.145704343179396,-3.868406337140806,0.058529264632316155
Pooled,keep COVID year,Census controls,log_fdi,Karnataka,43,-0.10917521052204843,-1.8493795823785384,0.09104552276138068
Pooled,keep COVID year,Census controls,log_fdi,Maharashtra,43,-0.20880688713633855,-2.9709047010376417,0.12056028014007003
Pooled,keep COVID year,Census controls,log_fdi,Rajasthan,43,-0.18911277969390575,-2.5305210326940517,0.04402201100550275
Pooled,keep COVID year,Census controls,log_fdi,Tamil Nadu,43,-0.13820655192838413,-2.4929537689405183,0.2666333166583292
Pooled,keep COVID year,Census controls,log_fdi,Telangana,43,-0.20403165534542503,-2.57810181208867,0.06353176588294147
Pooled,keep COVID year,Census controls,log_fdi,Uttar Pradesh,45,-0.1806035149785069,-2.400689585116171,0.1660830415207604
Pooled,keep COVID year,Census controls,log_fdi,West Bengal,43,-0.1790958276114047,-1.9312620288140117,0.256128064032016
Pooled,keep COVID year,Census controls,ihs_fdi,none,48,-0.17601748663817046,-2.7216297815844124,0.061030515257628815
Pooled,keep COVID year,Census controls,ihs_fdi,Gujarat,43,-0.18722241032746822,-2.357880698513435,0.13156578289144572
Pooled,keep COVID year,Census controls,ihs_fdi,Haryana,43,-0.19171563340457326,-2.8081428977768863,0.03901950975487744
Pooled,keep COVID year,Census controls,ihs_fdi,Jharkhand,43,-0.14570504104416698,-3.8683973591075196,0.07453726863431716
Pooled,keep COVID year,Census controls,ihs_fdi,Karnataka,43,-0.10917567578614157,-1.8494225787500678,0.08904452226113056
Pooled,keep COVID year,Census controls,ihs_fdi,Maharashtra,43,-0.20880490202238197,-2.970914779251701,0.11255627813906953
Pooled,keep COVID year,Census controls,ihs_fdi,Rajasthan,43,-0.18911247933238362,-2.530573890767144,0.0560280140070035
Pooled,keep COVID year,Census controls,ihs_fdi,Tamil Nadu,43,-0.13820766592888611,-2.493025957474633,0.2836418209104552
Pooled,keep COVID year,Census controls,ihs_fdi,Telangana,43,-0.204031335915749,-2.57816230057158,0.06953476738369184
Pooled,keep COVID year,Census controls,ihs_fdi,Uttar Pradesh,45,-0.18060277001101524,-2.400723791002921,0.16108054027013508
Pooled,keep COVID year,Census controls,ihs_fdi,West Bengal,43,-0.17909508955559908,-1.9312985664602604,0.2656328164082041
Pooled,drop COVID year,no controls,log_fdi,none,39,-0.2455347132552043,-3.954733584459512,0.0030015007503751876
Pooled,drop COVID year,no controls,log_fdi,Gujarat,35,-0.240081913563838,-3.507594253452376,0.010005002501250625
Pooled,drop COVID year,no controls,log_fdi,Haryana,35,-0.2653403994202751,-4.3229020838216865,0.0010005002501250625
Pooled,drop COVID year,no controls,log_fdi,Jharkhand,35,-0.1884251735577069,-5.51845894304289,0.0
Pooled,drop COVID year,no controls,log_fdi,Karnataka,35,-0.1941081857679507,-3.309526381522246,0.0030015007503751876
Pooled,drop COVID year,no controls,log_fdi,Maharashtra,35,-0.25815861926700107,-3.6888768876745126,0.007003501750875438
Pooled,drop COVID year,no controls,log_fdi,Rajasthan,35,-0.2322344087093135,-3.5748473608161224,0.014007003501750876
Pooled,drop COVID year,no controls,log_fdi,Tamil Nadu,35,-0.2658597551883427,-4.139059666752739,0.0015007503751875938
Pooled,drop COVID year,no controls,log_fdi,Telangana,35,-0.25349599396090017,-3.9221378150003563,0.0065032516258129065
Pooled,drop COVID year,no controls,log_fdi,Uttar Pradesh,36,-0.26189606061104,-3.2412639957549354,0.007503751875937969
Pooled,drop COVID year,no controls,log_fdi,West Bengal,35,-0.26898949143733575,-4.100020398294584,0.01950975487743872
Pooled,drop COVID year,no controls,ihs_fdi,none,39,-0.24553324845645003,-3.9547773469903835,0.0025012506253126563
Pooled,drop COVID year,no controls,ihs_fdi,Gujarat,35,-0.24008071032611303,-3.507632246241757,0.01200600300150075
Pooled,drop COVID year,no controls,ihs_fdi,Haryana,35,-0.26533846510379033,-4.322943461856338,0.0010005002501250625
Pooled,drop COVID year,no controls,ihs_fdi,Jharkhand,35,-0.18842529987431947,-5.518417373414905,0.0
Pooled,drop COVID year,no controls,ihs_fdi,Karnataka,35,-0.1941066405791042,-3.3095890420562823,0.0
Pooled,drop COVID year,no controls,ihs_fdi,Maharashtra,35,-0.25815683022585545,-3.688909680162356,0.005502751375687844
Pooled,drop COVID year,no controls,ihs_fdi,Rajasthan,35,-0.23223359316312786,-3.5748874322584063,0.017508754377188594
Pooled,drop COVID year,no controls,ihs_fdi,Tamil Nadu,35,-0.26585817509953635,-4.139117620906314,0.0025012506253126563
Pooled,drop COVID year,no controls,ihs_fdi,Telangana,35,-0.2534947918254554,-3.9221935989086796,0.0080040020010005
Pooled,drop COVID year,no controls,ihs_fdi,Uttar Pradesh,36,-0.2618934177178304,-3.2412832574681474,0.006003001500750375
Pooled,drop COVID year,no controls,ihs_fdi,West Bengal,35,-0.26898742221742855,-4.100062163314018,0.013006503251625813
Pooled,drop COVID year,Census controls,log_fdi,none,39,-0.17411684139134492,-2.2113464777524308,0.1265632816408204
Pooled,drop COVID year,Census controls,log_fdi,Gujarat,35,-0.19391963104988894,-2.1491410801934125,0.16558279139569784
Pooled,drop COVID year,Census controls,log_fdi,Haryana,35,-0.19769648225298947,-2.4673798465830052,0.08104052026013006
Pooled,drop COVID year,Census controls,log_fdi,Jharkhand,35,-0.14473451061050557,-2.821258640342404,0.1340670335167584
Pooled,drop COVID year,Census controls,log_fdi,Karnataka,35,-0.08662672886269616,-1.278659482453342,0.14307153576788395
Pooled,drop COVID year,Census controls,log_fdi,Maharashtra,35,-0.21761524812153196,-2.5815330078960765,0.15057528764382191
Pooled,drop COVID year,Census controls,log_fdi,Rajasthan,35,-0.1890525565852531,-2.1869145192840835,0.10505252626313157
Pooled,drop COVID year,Census controls,log_fdi,Tamil Nadu,35,-0.13850751625914906,-1.924242663607006,0.2861430715357679
Pooled,drop COVID year,Census controls,log_fdi,Telangana,35,-0.19141998799022422,-2.078024906891381,0.17058529264632316
Pooled,drop COVID year,Census controls,log_fdi,Uttar Pradesh,36,-0.1804511000195833,-1.9589923074461741,0.21510755377688845
Pooled,drop COVID year,Census controls,log_fdi,West Bengal,35,-0.1738651830537949,-1.7296386003537154,0.27763881940970486
Pooled,drop COVID year,Census controls,ihs_fdi,none,39,-0.17411657618958512,-2.2113750660039067,0.11155577788894447
Pooled,drop COVID year,Census controls,ihs_fdi,Gujarat,35,-0.19391862453081377,-2.1491657287000137,0.1455727863931966
Pooled,drop COVID year,Census controls,ihs_fdi,Haryana,35,-0.19769571175080977,-2.467404242934073,0.0785392696348174
Pooled,drop COVID year,Census controls,ihs_fdi,Jharkhand,35,-0.14473548551011942,-2.821261297754349,0.13356678339169584
Pooled,drop COVID year,Census controls,ihs_fdi,Karnataka,35,-0.08662662738318776,-1.278691052750906,0.12506253126563283
Pooled,drop COVID year,Census controls,ihs_fdi,Maharashtra,35,-0.21761334028163,-2.5815294523774543,0.1485742871435718
Pooled,drop COVID year,Census controls,ihs_fdi,Rajasthan,35,-0.18905204830690356,-2.186949879394738,0.10505252626313157
Pooled,drop COVID year,Census controls,ihs_fdi,Tamil Nadu,35,-0.13850857605257247,-1.9242928243005046,0.29314657328664334
Pooled,drop COVID year,Census controls,ihs_fdi,Telangana,35,-0.19141984219045216,-2.0780645050259006,0.17658829414707353
Pooled,drop COVID year,Census controls,ihs_fdi,Uttar Pradesh,36,-0.18045015038121737,-1.9590092460485957,0.2016008004002001
Pooled,drop COVID year,Census controls,ihs_fdi,West Bengal,35,-0.17386490016363432,-1.729666368145576,0.28864432216108055
